country,year,sex,cause,age_group,death,
Canada,2000,total,I000,0,1737,
Canada,2000,total,I001,0,2.06,
Canada,2000,total,I002,0,0,
Canada,2000,total,I003,0,9.25,
Canada,2000,total,I004,0,0,
Canada,2000,total,I005,0,0,
Canada,2000,total,I006,0,11.31,
Canada,2000,total,I007,0,0,
Canada,2000,total,I008,0,0,
Canada,2000,total,I009,0,0,
Canada,2000,total,I010,0,0,
Canada,2000,total,I011,0,0,
Canada,2000,total,I012,0,0,
Canada,2000,total,I013,0,0,
Canada,2000,total,I014,0,0,
Canada,2000,total,I015,0,0,
Canada,2000,total,I016,0,0,
Canada,2000,total,I017,0,0,
Canada,2000,total,I018,0,0,
Canada,2000,total,I019,0,0,
Canada,2000,total,I020,0,0,
Canada,2000,total,I021,0,0,
Canada,2000,total,I022,0,4.110000000000000,
Canada,2000,total,I023,0,15.42,
Canada,2000,total,I024,0,3.08,
Canada,2000,total,I025,0,0,
Canada,2000,total,I026,0,23.64,
Canada,2000,total,I027,0,0,
Canada,2000,total,I028,0,0,
Canada,2000,total,I029,0,0,
Canada,2000,total,I030,0,51.39,
Canada,2000,total,I031,0,0,
Canada,2000,total,I032,0,0,
Canada,2000,total,I033,0,1.03,
Canada,2000,total,I034,0,17.47,
Canada,2000,total,I035,0,4.110000000000000,
Canada,2000,total,I036,0,2.06,
Canada,2000,total,I037,0,0,
Canada,2000,total,I038,0,0,
Canada,2000,total,I039,0,13.360000000000000,
Canada,2000,total,I040,0,3.08,
Canada,2000,total,I041,0,1.03,
Canada,2000,total,I042,0,11.31,
Canada,2000,total,I043,0,0,
Canada,2000,total,I044,0,4.110000000000000,
Canada,2000,total,I045,0,13.360000000000000,
Canada,2000,total,I046,0,0,
Canada,2000,total,I047,0,2.06,
Canada,2000,total,I048,0,5.14,
Canada,2000,total,I049,0,0,
Canada,2000,total,I050,0,1040.1400000000000,
Canada,2000,total,I051,0,437.85,
Canada,2000,total,I052,0,5.14,
Canada,2000,total,I053,0,34.950000000000000,
Canada,2000,total,I054,0,0,
Canada,2000,total,I055,0,15.42,
Canada,2000,total,I056,0,5.14,
Canada,2000,total,I057,0,0,
Canada,2000,total,I058,0,47.03,
Canada,2001,total,I000,0,1739,
Canada,2001,total,I001,0,0,
Canada,2001,total,I002,0,0,
Canada,2001,total,I003,0,12.33,
Canada,2001,total,I004,0,1.04,
Canada,2001,total,I005,0,0,
Canada,2001,total,I006,0,14.39,
Canada,2001,total,I007,0,0,
Canada,2001,total,I008,0,0,
Canada,2001,total,I009,0,0,
Canada,2001,total,I010,0,0,
Canada,2001,total,I011,0,0,
Canada,2001,total,I012,0,0,
Canada,2001,total,I013,0,0,
Canada,2001,total,I014,0,0,
Canada,2001,total,I015,0,0,
Canada,2001,total,I016,0,0,
Canada,2001,total,I017,0,0,
Canada,2001,total,I018,0,0,
Canada,2001,total,I019,0,0,
Canada,2001,total,I020,0,0,
Canada,2001,total,I021,0,0,
Canada,2001,total,I022,0,3.1,
Canada,2001,total,I023,0,10.31,
Canada,2001,total,I024,0,1.03,
Canada,2001,total,I025,0,0,
Canada,2001,total,I026,0,21.64,
Canada,2001,total,I027,0,1.03,
Canada,2001,total,I028,0,0,
Canada,2001,total,I029,0,0,
Canada,2001,total,I030,0,42.27,
Canada,2001,total,I031,0,0,
Canada,2001,total,I032,0,0,
Canada,2001,total,I033,0,0,
Canada,2001,total,I034,0,21.68,
Canada,2001,total,I035,0,4.14,
Canada,2001,total,I036,0,2.08,
Canada,2001,total,I037,0,3.1,
Canada,2001,total,I038,0,0,
Canada,2001,total,I039,0,13.38,
Canada,2001,total,I040,0,4.13,
Canada,2001,total,I041,0,1.04,
Canada,2001,total,I042,0,7.2,
Canada,2001,total,I043,0,0,
Canada,2001,total,I044,0,3.08,
Canada,2001,total,I045,0,12.4,
Canada,2001,total,I046,0,1.03,
Canada,2001,total,I047,0,0,
Canada,2001,total,I048,0,4.13,
Canada,2001,total,I049,0,0,
Canada,2001,total,I050,0,1068.92,
Canada,2001,total,I051,0,449.52,
Canada,2001,total,I052,0,5.17,
Canada,2001,total,I053,0,22.66,
Canada,2001,total,I054,0,0,
Canada,2001,total,I055,0,5.1500000000000000,
Canada,2001,total,I056,0,3.09,
Canada,2001,total,I057,0,0,
Canada,2001,total,I058,0,51.99,
Canada,2002,total,I000,0,1762,
Canada,2002,total,I001,0,5.18,
Canada,2002,total,I002,0,0,
Canada,2002,total,I003,0,12.43,
Canada,2002,total,I004,0,0,
Canada,2002,total,I005,0,1.03,
Canada,2002,total,I006,0,9.32,
Canada,2002,total,I007,0,0,
Canada,2002,total,I008,0,0,
Canada,2002,total,I009,0,0,
Canada,2002,total,I010,0,0,
Canada,2002,total,I011,0,0,
Canada,2002,total,I012,0,0,
Canada,2002,total,I013,0,0,
Canada,2002,total,I014,0,0,
Canada,2002,total,I015,0,0,
Canada,2002,total,I016,0,0,
Canada,2002,total,I017,0,0,
Canada,2002,total,I018,0,0,
Canada,2002,total,I019,0,0,
Canada,2002,total,I020,0,0,
Canada,2002,total,I021,0,0,
Canada,2002,total,I022,0,3.11,
Canada,2002,total,I023,0,10.350000000000000,
Canada,2002,total,I024,0,6.21,
Canada,2002,total,I025,0,0,
Canada,2002,total,I026,0,28.980000000000000,
Canada,2002,total,I027,0,0,
Canada,2002,total,I028,0,0,
Canada,2002,total,I029,0,0,
Canada,2002,total,I030,0,39.350000000000000,
Canada,2002,total,I031,0,0,
Canada,2002,total,I032,0,0,
Canada,2002,total,I033,0,0,
Canada,2002,total,I034,0,18.630000000000000,
Canada,2002,total,I035,0,9.32,
Canada,2002,total,I036,0,1.04,
Canada,2002,total,I037,0,3.11,
Canada,2002,total,I038,0,0,
Canada,2002,total,I039,0,11.38,
Canada,2002,total,I040,0,7.25,
Canada,2002,total,I041,0,1.04,
Canada,2002,total,I042,0,7.25,
Canada,2002,total,I043,0,0,
Canada,2002,total,I044,0,4.14,
Canada,2002,total,I045,0,14.5,
Canada,2002,total,I046,0,0,
Canada,2002,total,I047,0,1.03,
Canada,2002,total,I048,0,5.17,
Canada,2002,total,I049,0,0,
Canada,2002,total,I050,0,1065.34,
Canada,2002,total,I051,0,441.97000000000000,
Canada,2002,total,I052,0,5.17,
Canada,2002,total,I053,0,35.2,
Canada,2002,total,I054,0,0,
Canada,2002,total,I055,0,9.31,
Canada,2002,total,I056,0,5.18,
Canada,2002,total,I057,0,0,
Canada,2002,total,I058,0,60.03,
Canada,2003,total,I000,0,1765,
Canada,2003,total,I001,0,1.04,
Canada,2003,total,I002,0,0,
Canada,2003,total,I003,0,9.32,
Canada,2003,total,I004,0,0,
Canada,2003,total,I005,0,0,
Canada,2003,total,I006,0,16.58,
Canada,2003,total,I007,0,0,
Canada,2003,total,I008,0,0,
Canada,2003,total,I009,0,0,
Canada,2003,total,I010,0,0,
Canada,2003,total,I011,0,0,
Canada,2003,total,I012,0,2.07,
Canada,2003,total,I013,0,0,
Canada,2003,total,I014,0,0,
Canada,2003,total,I015,0,0,
Canada,2003,total,I016,0,0,
Canada,2003,total,I017,0,0,
Canada,2003,total,I018,0,0,
Canada,2003,total,I019,0,0,
Canada,2003,total,I020,0,0,
Canada,2003,total,I021,0,1.04,
Canada,2003,total,I022,0,3.11,
Canada,2003,total,I023,0,3.11,
Canada,2003,total,I024,0,9.33,
Canada,2003,total,I025,0,0,
Canada,2003,total,I026,0,16.59,
Canada,2003,total,I027,0,0,
Canada,2003,total,I028,0,0,
Canada,2003,total,I029,0,0,
Canada,2003,total,I030,0,38.350000000000000,
Canada,2003,total,I031,0,1.04,
Canada,2003,total,I032,0,1.03,
Canada,2003,total,I033,0,1.03,
Canada,2003,total,I034,0,17.630000000000000,
Canada,2003,total,I035,0,3.11,
Canada,2003,total,I036,0,7.26,
Canada,2003,total,I037,0,0,
Canada,2003,total,I038,0,0,
Canada,2003,total,I039,0,12.43,
Canada,2003,total,I040,0,1.03,
Canada,2003,total,I041,0,1.03,
Canada,2003,total,I042,0,6.23,
Canada,2003,total,I043,0,0,
Canada,2003,total,I044,0,4.1500000000000000,
Canada,2003,total,I045,0,12.44,
Canada,2003,total,I046,0,0,
Canada,2003,total,I047,0,0,
Canada,2003,total,I048,0,6.22,
Canada,2003,total,I049,0,0,
Canada,2003,total,I050,0,1116.24,
Canada,2003,total,I051,0,438.36,
Canada,2003,total,I052,0,4.14,
Canada,2003,total,I053,0,21.760000000000000,
Canada,2003,total,I054,0,0,
Canada,2003,total,I055,0,8.29,
Canada,2003,total,I056,0,1.04,
Canada,2003,total,I057,0,0,
Canada,2003,total,I058,0,62.02,
Canada,2004,total,I000,0,1775,
Canada,2004,total,I001,0,1.04,
Canada,2004,total,I002,0,0,
Canada,2004,total,I003,0,8.240000000000000,
Canada,2004,total,I004,0,0,
Canada,2004,total,I005,0,0,
Canada,2004,total,I006,0,8.26,
Canada,2004,total,I007,0,0,
Canada,2004,total,I008,0,0,
Canada,2004,total,I009,0,0,
Canada,2004,total,I010,0,0,
Canada,2004,total,I011,0,0,
Canada,2004,total,I012,0,0,
Canada,2004,total,I013,0,0,
Canada,2004,total,I014,0,0,
Canada,2004,total,I015,0,0,
Canada,2004,total,I016,0,0,
Canada,2004,total,I017,0,0,
Canada,2004,total,I018,0,0,
Canada,2004,total,I019,0,0,
Canada,2004,total,I020,0,0,
Canada,2004,total,I021,0,0,
Canada,2004,total,I022,0,4.13,
Canada,2004,total,I023,0,9.3,
Canada,2004,total,I024,0,5.1500000000000000,
Canada,2004,total,I025,0,0,
Canada,2004,total,I026,0,25.87,
Canada,2004,total,I027,0,0,
Canada,2004,total,I028,0,0,
Canada,2004,total,I029,0,0,
Canada,2004,total,I030,0,39.21,
Canada,2004,total,I031,0,0,
Canada,2004,total,I032,0,0,
Canada,2004,total,I033,0,1.04,
Canada,2004,total,I034,0,19.64,
Canada,2004,total,I035,0,3.12,
Canada,2004,total,I036,0,3.09,
Canada,2004,total,I037,0,2.08,
Canada,2004,total,I038,0,0,
Canada,2004,total,I039,0,10.32,
Canada,2004,total,I040,0,1.02,
Canada,2004,total,I041,0,0,
Canada,2004,total,I042,0,4.13,
Canada,2004,total,I043,0,0,
Canada,2004,total,I044,0,11.38,
Canada,2004,total,I045,0,15.49,
Canada,2004,total,I046,0,0,
Canada,2004,total,I047,0,0,
Canada,2004,total,I048,0,4.110000000000000,
Canada,2004,total,I049,0,0,
Canada,2004,total,I050,0,1139.1400000000000,
Canada,2004,total,I051,0,425.11,
Canada,2004,total,I052,0,2.08,
Canada,2004,total,I053,0,20.66,
Canada,2004,total,I054,0,0,
Canada,2004,total,I055,0,7.25,
Canada,2004,total,I056,0,4.1500000000000000,
Canada,2004,total,I057,0,0,
Canada,2004,total,I058,0,56.1,
Canada,2005,total,I000,0,1863,
Canada,2005,total,I001,0,3.07,
Canada,2005,total,I002,0,0,
Canada,2005,total,I003,0,13.32,
Canada,2005,total,I004,0,0,
Canada,2005,total,I005,0,1.02,
Canada,2005,total,I006,0,14.360000000000000,
Canada,2005,total,I007,0,0,
Canada,2005,total,I008,0,0,
Canada,2005,total,I009,0,0,
Canada,2005,total,I010,0,0,
Canada,2005,total,I011,0,0,
Canada,2005,total,I012,0,0,
Canada,2005,total,I013,0,0,
Canada,2005,total,I014,0,0,
Canada,2005,total,I015,0,0,
Canada,2005,total,I016,0,0,
Canada,2005,total,I017,0,0,
Canada,2005,total,I018,0,0,
Canada,2005,total,I019,0,0,
Canada,2005,total,I020,0,0,
Canada,2005,total,I021,0,0,
Canada,2005,total,I022,0,1.03,
Canada,2005,total,I023,0,8.2,
Canada,2005,total,I024,0,10.25,
Canada,2005,total,I025,0,0,
Canada,2005,total,I026,0,25.64,
Canada,2005,total,I027,0,0,
Canada,2005,total,I028,0,0,
Canada,2005,total,I029,0,0,
Canada,2005,total,I030,0,42.04,
Canada,2005,total,I031,0,0,
Canada,2005,total,I032,0,0,
Canada,2005,total,I033,0,1.02,
Canada,2005,total,I034,0,9.220000000000000,
Canada,2005,total,I035,0,3.08,
Canada,2005,total,I036,0,3.08,
Canada,2005,total,I037,0,0,
Canada,2005,total,I038,0,0,
Canada,2005,total,I039,0,9.230000000000000,
Canada,2005,total,I040,0,4.1,
Canada,2005,total,I041,0,0,
Canada,2005,total,I042,0,6.1500000000000000,
Canada,2005,total,I043,0,0,
Canada,2005,total,I044,0,4.1,
Canada,2005,total,I045,0,19.480000000000000,
Canada,2005,total,I046,0,0,
Canada,2005,total,I047,0,0,
Canada,2005,total,I048,0,7.17,
Canada,2005,total,I049,0,0,
Canada,2005,total,I050,0,1178.12,
Canada,2005,total,I051,0,458.3,
Canada,2005,total,I052,0,5.120000000000000,
Canada,2005,total,I053,0,25.630000000000000,
Canada,2005,total,I054,0,0,
Canada,2005,total,I055,0,9.240000000000000,
Canada,2005,total,I056,0,1.03,
Canada,2005,total,I057,0,0,
Canada,2005,total,I058,0,46.03,
Canada,2006,total,I000,0,1771,
Canada,2006,total,I001,0,3.07,
Canada,2006,total,I002,0,0,
Canada,2006,total,I003,0,12.29,
Canada,2006,total,I004,0,0,
Canada,2006,total,I005,0,0,
Canada,2006,total,I006,0,9.17,
Canada,2006,total,I007,0,0,
Canada,2006,total,I008,0,0,
Canada,2006,total,I009,0,0,
Canada,2006,total,I010,0,0,
Canada,2006,total,I011,0,0,
Canada,2006,total,I012,0,0,
Canada,2006,total,I013,0,0,
Canada,2006,total,I014,0,0,
Canada,2006,total,I015,0,0,
Canada,2006,total,I016,0,0,
Canada,2006,total,I017,0,0,
Canada,2006,total,I018,0,0,
Canada,2006,total,I019,0,0,
Canada,2006,total,I020,0,0,
Canada,2006,total,I021,0,1.03,
Canada,2006,total,I022,0,4.09,
Canada,2006,total,I023,0,7.1500000000000000,
Canada,2006,total,I024,0,8.19,
Canada,2006,total,I025,0,0,
Canada,2006,total,I026,0,30.67,
Canada,2006,total,I027,0,0,
Canada,2006,total,I028,0,0,
Canada,2006,total,I029,0,0,
Canada,2006,total,I030,0,32.71,
Canada,2006,total,I031,0,0,
Canada,2006,total,I032,0,0,
Canada,2006,total,I033,0,1.03,
Canada,2006,total,I034,0,16.36,
Canada,2006,total,I035,0,4.09,
Canada,2006,total,I036,0,0,
Canada,2006,total,I037,0,1.02,
Canada,2006,total,I038,0,0,
Canada,2006,total,I039,0,12.3,
Canada,2006,total,I040,0,3.09,
Canada,2006,total,I041,0,1.03,
Canada,2006,total,I042,0,4.08,
Canada,2006,total,I043,0,0,
Canada,2006,total,I044,0,5.09,
Canada,2006,total,I045,0,15.360000000000000,
Canada,2006,total,I046,0,0,
Canada,2006,total,I047,0,0,
Canada,2006,total,I048,0,4.1,
Canada,2006,total,I049,0,0,
Canada,2006,total,I050,0,1135.09,
Canada,2006,total,I051,0,419.03,
Canada,2006,total,I052,0,7.17,
Canada,2006,total,I053,0,26.59,
Canada,2006,total,I054,0,0,
Canada,2006,total,I055,0,5.13,
Canada,2006,total,I056,0,2.06,
Canada,2006,total,I057,0,0,
Canada,2006,total,I058,0,42,
Canada,2007,total,I000,0,1881,
Canada,2007,total,I001,0,2.04,
Canada,2007,total,I002,0,0,
Canada,2007,total,I003,0,12.240000000000000,
Canada,2007,total,I004,0,0,
Canada,2007,total,I005,0,0,
Canada,2007,total,I006,0,13.26,
Canada,2007,total,I007,0,0,
Canada,2007,total,I008,0,0,
Canada,2007,total,I009,0,0,
Canada,2007,total,I010,0,0,
Canada,2007,total,I011,0,0,
Canada,2007,total,I012,0,1.02,
Canada,2007,total,I013,0,0,
Canada,2007,total,I014,0,0,
Canada,2007,total,I015,0,0,
Canada,2007,total,I016,0,0,
Canada,2007,total,I017,0,0,
Canada,2007,total,I018,0,0,
Canada,2007,total,I019,0,0,
Canada,2007,total,I020,0,0,
Canada,2007,total,I021,0,1.02,
Canada,2007,total,I022,0,1.02,
Canada,2007,total,I023,0,13.26,
Canada,2007,total,I024,0,10.2,
Canada,2007,total,I025,0,0,
Canada,2007,total,I026,0,17.35,
Canada,2007,total,I027,0,0,
Canada,2007,total,I028,0,0,
Canada,2007,total,I029,0,0,
Canada,2007,total,I030,0,40.8,
Canada,2007,total,I031,0,0,
Canada,2007,total,I032,0,0,
Canada,2007,total,I033,0,0,
Canada,2007,total,I034,0,15.3,
Canada,2007,total,I035,0,4.08,
Canada,2007,total,I036,0,2.04,
Canada,2007,total,I037,0,0,
Canada,2007,total,I038,0,0,
Canada,2007,total,I039,0,14.28,
Canada,2007,total,I040,0,5.1,
Canada,2007,total,I041,0,0,
Canada,2007,total,I042,0,6.120000000000000,
Canada,2007,total,I043,0,0,
Canada,2007,total,I044,0,2.04,
Canada,2007,total,I045,0,5.1,
Canada,2007,total,I046,0,1.02,
Canada,2007,total,I047,0,1.02,
Canada,2007,total,I048,0,7.14,
Canada,2007,total,I049,0,0,
Canada,2007,total,I050,0,1244.48,
Canada,2007,total,I051,0,416.19,
Canada,2007,total,I052,0,6.120000000000000,
Canada,2007,total,I053,0,29.58,
Canada,2007,total,I054,0,0,
Canada,2007,total,I055,0,8.16,
Canada,2007,total,I056,0,1.02,
Canada,2007,total,I057,0,0,
Canada,2007,total,I058,0,37.05,
Canada,2008,total,I000,0,1911,
Canada,2008,total,I001,0,1.03,
Canada,2008,total,I002,0,1.03,
Canada,2008,total,I003,0,18.49,
Canada,2008,total,I004,0,0,
Canada,2008,total,I005,0,0,
Canada,2008,total,I006,0,12.31,
Canada,2008,total,I007,0,0,
Canada,2008,total,I008,0,0,
Canada,2008,total,I009,0,0,
Canada,2008,total,I010,0,0,
Canada,2008,total,I011,0,0,
Canada,2008,total,I012,0,0,
Canada,2008,total,I013,0,0,
Canada,2008,total,I014,0,0,
Canada,2008,total,I015,0,0,
Canada,2008,total,I016,0,0,
Canada,2008,total,I017,0,0,
Canada,2008,total,I018,0,0,
Canada,2008,total,I019,0,0,
Canada,2008,total,I020,0,0,
Canada,2008,total,I021,0,0,
Canada,2008,total,I022,0,2.06,
Canada,2008,total,I023,0,11.3,
Canada,2008,total,I024,0,7.2,
Canada,2008,total,I025,0,1.03,
Canada,2008,total,I026,0,33.9,
Canada,2008,total,I027,0,0,
Canada,2008,total,I028,0,0,
Canada,2008,total,I029,0,0,
Canada,2008,total,I030,0,42.09,
Canada,2008,total,I031,0,0,
Canada,2008,total,I032,0,0,
Canada,2008,total,I033,0,0,
Canada,2008,total,I034,0,23.610000000000000,
Canada,2008,total,I035,0,12.33,
Canada,2008,total,I036,0,1.03,
Canada,2008,total,I037,0,0,
Canada,2008,total,I038,0,0,
Canada,2008,total,I039,0,6.160000000000000,
Canada,2008,total,I040,0,2.05,
Canada,2008,total,I041,0,1.03,
Canada,2008,total,I042,0,8.210000000000000,
Canada,2008,total,I043,0,0,
Canada,2008,total,I044,0,0,
Canada,2008,total,I045,0,12.3,
Canada,2008,total,I046,0,1.03,
Canada,2008,total,I047,0,2.05,
Canada,2008,total,I048,0,5.13,
Canada,2008,total,I049,0,0,
Canada,2008,total,I050,0,1231.49,
Canada,2008,total,I051,0,425.88,
Canada,2008,total,I052,0,2.05,
Canada,2008,total,I053,0,34.93,
Canada,2008,total,I054,0,0,
Canada,2008,total,I055,0,8.210000000000000,
Canada,2008,total,I056,0,3.08,
Canada,2008,total,I057,0,0,
Canada,2008,total,I058,0,50.98,
Canada,2009,total,I000,0,1872,
Canada,2009,total,I001,0,5.120000000000000,
Canada,2009,total,I002,0,0,
Canada,2009,total,I003,0,11.27,
Canada,2009,total,I004,0,0,
Canada,2009,total,I005,0,0,
Canada,2009,total,I006,0,15.370000000000000,
Canada,2009,total,I007,0,0,
Canada,2009,total,I008,0,0,
Canada,2009,total,I009,0,0,
Canada,2009,total,I010,0,0,
Canada,2009,total,I011,0,0,
Canada,2009,total,I012,0,1.03,
Canada,2009,total,I013,0,0,
Canada,2009,total,I014,0,1.02,
Canada,2009,total,I015,0,0,
Canada,2009,total,I016,0,0,
Canada,2009,total,I017,0,0,
Canada,2009,total,I018,0,0,
Canada,2009,total,I019,0,0,
Canada,2009,total,I020,0,0,
Canada,2009,total,I021,0,1.03,
Canada,2009,total,I022,0,3.07,
Canada,2009,total,I023,0,8.2,
Canada,2009,total,I024,0,13.32,
Canada,2009,total,I025,0,0,
Canada,2009,total,I026,0,19.47,
Canada,2009,total,I027,0,0,
Canada,2009,total,I028,0,0,
Canada,2009,total,I029,0,0,
Canada,2009,total,I030,0,51.260000000000000,
Canada,2009,total,I031,0,0,
Canada,2009,total,I032,0,1.02,
Canada,2009,total,I033,0,1.02,
Canada,2009,total,I034,0,22.55,
Canada,2009,total,I035,0,3.07,
Canada,2009,total,I036,0,1.03,
Canada,2009,total,I037,0,5.13,
Canada,2009,total,I038,0,0,
Canada,2009,total,I039,0,9.220000000000000,
Canada,2009,total,I040,0,1.02,
Canada,2009,total,I041,0,1.03,
Canada,2009,total,I042,0,10.25,
Canada,2009,total,I043,0,0,
Canada,2009,total,I044,0,1.03,
Canada,2009,total,I045,0,5.120000000000000,
Canada,2009,total,I046,0,0,
Canada,2009,total,I047,0,2.05,
Canada,2009,total,I048,0,1.03,
Canada,2009,total,I049,0,0,
Canada,2009,total,I050,0,1207.7,
Canada,2009,total,I051,0,430.61,
Canada,2009,total,I052,0,4.1,
Canada,2009,total,I053,0,26.66,
Canada,2009,total,I054,0,0,
Canada,2009,total,I055,0,8.2,
Canada,2009,total,I056,0,0,
Canada,2009,total,I057,0,0,
Canada,2009,total,I058,0,46.08,
Canada,2010,total,I000,0,1902,
Canada,2010,total,I001,0,4.110000000000000,
Canada,2010,total,I002,0,0,
Canada,2010,total,I003,0,7.17,
Canada,2010,total,I004,0,0,
Canada,2010,total,I005,0,0,
Canada,2010,total,I006,0,12.33,
Canada,2010,total,I007,0,0,
Canada,2010,total,I008,0,0,
Canada,2010,total,I009,0,0,
Canada,2010,total,I010,0,0,
Canada,2010,total,I011,0,0,
Canada,2010,total,I012,0,0,
Canada,2010,total,I013,0,0,
Canada,2010,total,I014,0,0,
Canada,2010,total,I015,0,0,
Canada,2010,total,I016,0,0,
Canada,2010,total,I017,0,0,
Canada,2010,total,I018,0,0,
Canada,2010,total,I019,0,0,
Canada,2010,total,I020,0,0,
Canada,2010,total,I021,0,0,
Canada,2010,total,I022,0,2.04,
Canada,2010,total,I023,0,12.28,
Canada,2010,total,I024,0,6.17,
Canada,2010,total,I025,0,0,
Canada,2010,total,I026,0,25.650000000000000,
Canada,2010,total,I027,0,0,
Canada,2010,total,I028,0,0,
Canada,2010,total,I029,0,0,
Canada,2010,total,I030,0,39,
Canada,2010,total,I031,0,0,
Canada,2010,total,I032,0,0,
Canada,2010,total,I033,0,0,
Canada,2010,total,I034,0,13.33,
Canada,2010,total,I035,0,5.120000000000000,
Canada,2010,total,I036,0,5.14,
Canada,2010,total,I037,0,0,
Canada,2010,total,I038,0,0,
Canada,2010,total,I039,0,7.1900000000000000,
Canada,2010,total,I040,0,6.1500000000000000,
Canada,2010,total,I041,0,1.03,
Canada,2010,total,I042,0,5.13,
Canada,2010,total,I043,0,1.03,
Canada,2010,total,I044,0,2.04,
Canada,2010,total,I045,0,6.17,
Canada,2010,total,I046,0,0,
Canada,2010,total,I047,0,1.02,
Canada,2010,total,I048,0,5.13,
Canada,2010,total,I049,0,0,
Canada,2010,total,I050,0,1243.3800000000000,
Canada,2010,total,I051,0,445.23000000000000,
Canada,2010,total,I052,0,4.09,
Canada,2010,total,I053,0,24.62,
Canada,2010,total,I054,0,0,
Canada,2010,total,I055,0,14.370000000000000,
Canada,2010,total,I056,0,3.07,
Canada,2010,total,I057,0,0,
Canada,2010,total,I058,0,48,
Canada,2011,total,I000,0,1849,
Canada,2011,total,I001,0,2.14,
Canada,2011,total,I002,0,0,
Canada,2011,total,I003,0,3.2,
Canada,2011,total,I004,0,0,
Canada,2011,total,I005,0,0,
Canada,2011,total,I006,0,8.57,
Canada,2011,total,I007,0,1.06,
Canada,2011,total,I008,0,0,
Canada,2011,total,I009,0,0,
Canada,2011,total,I010,0,0,
Canada,2011,total,I011,0,0,
Canada,2011,total,I012,0,0,
Canada,2011,total,I013,0,0,
Canada,2011,total,I014,0,0,
Canada,2011,total,I015,0,0,
Canada,2011,total,I016,0,0,
Canada,2011,total,I017,0,0,
Canada,2011,total,I018,0,0,
Canada,2011,total,I019,0,0,
Canada,2011,total,I020,0,0,
Canada,2011,total,I021,0,0,
Canada,2011,total,I022,0,3.18,
Canada,2011,total,I023,0,6.45,
Canada,2011,total,I024,0,6.45,
Canada,2011,total,I025,0,0,
Canada,2011,total,I026,0,20.330000000000000,
Canada,2011,total,I027,0,0,
Canada,2011,total,I028,0,0,
Canada,2011,total,I029,0,0,
Canada,2011,total,I030,0,31.12,
Canada,2011,total,I031,0,0,
Canada,2011,total,I032,0,0,
Canada,2011,total,I033,0,0,
Canada,2011,total,I034,0,20.4,
Canada,2011,total,I035,0,5.35,
Canada,2011,total,I036,0,4.24,
Canada,2011,total,I037,0,1.06,
Canada,2011,total,I038,0,0,
Canada,2011,total,I039,0,6.45,
Canada,2011,total,I040,0,1.06,
Canada,2011,total,I041,0,0,
Canada,2011,total,I042,0,7.49,
Canada,2011,total,I043,0,0,
Canada,2011,total,I044,0,5.39,
Canada,2011,total,I045,0,8.57,
Canada,2011,total,I046,0,0,
Canada,2011,total,I047,0,0,
Canada,2011,total,I048,0,7.56,
Canada,2011,total,I049,0,0,
Canada,2011,total,I050,0,1226.92,
Canada,2011,total,I051,0,429.04,
Canada,2011,total,I052,0,3.2,
Canada,2011,total,I053,0,29.02,
Canada,2011,total,I054,0,0,
Canada,2011,total,I055,0,8.55,
Canada,2011,total,I056,0,2.17,
Canada,2011,total,I057,0,0,
Canada,2011,total,I058,0,89.81,
Canada,2012,total,I000,0,1818,
Canada,2012,total,I001,0,5.25,
Canada,2012,total,I002,0,0,
Canada,2012,total,I003,0,8.38,
Canada,2012,total,I004,0,0,
Canada,2012,total,I005,0,0,
Canada,2012,total,I006,0,16.71,
Canada,2012,total,I007,0,1.04,
Canada,2012,total,I008,0,0,
Canada,2012,total,I009,0,0,
Canada,2012,total,I010,0,0,
Canada,2012,total,I011,0,0,
Canada,2012,total,I012,0,1.04,
Canada,2012,total,I013,0,0,
Canada,2012,total,I014,0,0,
Canada,2012,total,I015,0,0,
Canada,2012,total,I016,0,0,
Canada,2012,total,I017,0,0,
Canada,2012,total,I018,0,0,
Canada,2012,total,I019,0,0,
Canada,2012,total,I020,0,0,
Canada,2012,total,I021,0,0,
Canada,2012,total,I022,0,2.09,
Canada,2012,total,I023,0,14.61,
Canada,2012,total,I024,0,8.370000000000000,
Canada,2012,total,I025,0,1.05,
Canada,2012,total,I026,0,20.91,
Canada,2012,total,I027,0,0,
Canada,2012,total,I028,0,0,
Canada,2012,total,I029,0,0,
Canada,2012,total,I030,0,40.790000000000000,
Canada,2012,total,I031,0,0,
Canada,2012,total,I032,0,0,
Canada,2012,total,I033,0,0,
Canada,2012,total,I034,0,11.49,
Canada,2012,total,I035,0,3.14,
Canada,2012,total,I036,0,1.04,
Canada,2012,total,I037,0,4.1900000000000000,
Canada,2012,total,I038,0,0,
Canada,2012,total,I039,0,7.320000000000000,
Canada,2012,total,I040,0,3.12,
Canada,2012,total,I041,0,0,
Canada,2012,total,I042,0,5.24,
Canada,2012,total,I043,0,0,
Canada,2012,total,I044,0,0,
Canada,2012,total,I045,0,7.34,
Canada,2012,total,I046,0,1.04,
Canada,2012,total,I047,0,1.04,
Canada,2012,total,I048,0,0,
Canada,2012,total,I049,0,0,
Canada,2012,total,I050,0,1171.32,
Canada,2012,total,I051,0,431.35,
Canada,2012,total,I052,0,6.2700000000000000,
Canada,2012,total,I053,0,36.57,
Canada,2012,total,I054,0,0,
Canada,2012,total,I055,0,5.24,
Canada,2012,total,I056,0,2.09,
Canada,2012,total,I057,0,0,
Canada,2012,total,I058,0,78,
Canada,2013,total,I000,0,1884,
Canada,2013,total,I001,0,5.29,
Canada,2013,total,I002,0,0,
Canada,2013,total,I003,0,11.630000000000000,
Canada,2013,total,I004,0,0,
Canada,2013,total,I005,0,0,
Canada,2013,total,I006,0,5.28,
Canada,2013,total,I007,0,0,
Canada,2013,total,I008,0,0,
Canada,2013,total,I009,0,0,
Canada,2013,total,I010,0,0,
Canada,2013,total,I011,0,1.06,
Canada,2013,total,I012,0,0,
Canada,2013,total,I013,0,0,
Canada,2013,total,I014,0,0,
Canada,2013,total,I015,0,0,
Canada,2013,total,I016,0,0,
Canada,2013,total,I017,0,0,
Canada,2013,total,I018,0,0,
Canada,2013,total,I019,0,0,
Canada,2013,total,I020,0,0,
Canada,2013,total,I021,0,0,
Canada,2013,total,I022,0,3.17,
Canada,2013,total,I023,0,7.4,
Canada,2013,total,I024,0,15.860000000000000,
Canada,2013,total,I025,0,1.06,
Canada,2013,total,I026,0,25.38,
Canada,2013,total,I027,0,0,
Canada,2013,total,I028,0,0,
Canada,2013,total,I029,0,0,
Canada,2013,total,I030,0,45.450000000000000,
Canada,2013,total,I031,0,0,
Canada,2013,total,I032,0,0,
Canada,2013,total,I033,0,1.06,
Canada,2013,total,I034,0,10.57,
Canada,2013,total,I035,0,1.06,
Canada,2013,total,I036,0,1.06,
Canada,2013,total,I037,0,0,
Canada,2013,total,I038,0,0,
Canada,2013,total,I039,0,7.4,
Canada,2013,total,I040,0,6.35,
Canada,2013,total,I041,0,1.06,
Canada,2013,total,I042,0,0,
Canada,2013,total,I043,0,0,
Canada,2013,total,I044,0,2.11,
Canada,2013,total,I045,0,5.29,
Canada,2013,total,I046,0,0,
Canada,2013,total,I047,0,2.11,
Canada,2013,total,I048,0,1.06,
Canada,2013,total,I049,0,0,
Canada,2013,total,I050,0,1221.1500000000000,
Canada,2013,total,I051,0,457.76,
Canada,2013,total,I052,0,5.28,
Canada,2013,total,I053,0,30.66,
Canada,2013,total,I054,0,0,
Canada,2013,total,I055,0,4.23,
Canada,2013,total,I056,0,4.23,
Canada,2013,total,I057,0,0,
Canada,2013,total,I058,0,102,
Canada,2014,total,I000,0,1794,
Canada,2014,total,I001,0,3.2,
Canada,2014,total,I002,0,0,
Canada,2014,total,I003,0,5.34,
Canada,2014,total,I004,0,0,
Canada,2014,total,I005,0,0,
Canada,2014,total,I006,0,8.51,
Canada,2014,total,I007,0,1.06,
Canada,2014,total,I008,0,0,
Canada,2014,total,I009,0,0,
Canada,2014,total,I010,0,0,
Canada,2014,total,I011,0,0,
Canada,2014,total,I012,0,1.07,
Canada,2014,total,I013,0,0,
Canada,2014,total,I014,0,0,
Canada,2014,total,I015,0,0,
Canada,2014,total,I016,0,0,
Canada,2014,total,I017,0,0,
Canada,2014,total,I018,0,0,
Canada,2014,total,I019,0,0,
Canada,2014,total,I020,0,0,
Canada,2014,total,I021,0,1.06,
Canada,2014,total,I022,0,0,
Canada,2014,total,I023,0,10.630000000000000,
Canada,2014,total,I024,0,5.31,
Canada,2014,total,I025,0,0,
Canada,2014,total,I026,0,21.35,
Canada,2014,total,I027,0,0,
Canada,2014,total,I028,0,0,
Canada,2014,total,I029,0,0,
Canada,2014,total,I030,0,33.04,
Canada,2014,total,I031,0,0,
Canada,2014,total,I032,0,0,
Canada,2014,total,I033,0,0,
Canada,2014,total,I034,0,15.9,
Canada,2014,total,I035,0,3.2,
Canada,2014,total,I036,0,0,
Canada,2014,total,I037,0,3.2,
Canada,2014,total,I038,0,0,
Canada,2014,total,I039,0,7.42,
Canada,2014,total,I040,0,3.18,
Canada,2014,total,I041,0,0,
Canada,2014,total,I042,0,5.34,
Canada,2014,total,I043,0,0,
Canada,2014,total,I044,0,2.13,
Canada,2014,total,I045,0,3.2,
Canada,2014,total,I046,0,0,
Canada,2014,total,I047,0,0,
Canada,2014,total,I048,0,1.07,
Canada,2014,total,I049,0,0,
Canada,2014,total,I050,0,1185.37,
Canada,2014,total,I051,0,431.89,
Canada,2014,total,I052,0,2.14,
Canada,2014,total,I053,0,34.08,
Canada,2014,total,I054,0,0,
Canada,2014,total,I055,0,3.2,
Canada,2014,total,I056,0,2.14,
Canada,2014,total,I057,0,0,
Canada,2014,total,I058,0,108,
Canada,2015,total,I000,0,1737,
Canada,2015,total,I001,0,2.14,
Canada,2015,total,I002,0,0,
Canada,2015,total,I003,0,4.2700000000000000,
Canada,2015,total,I004,0,0,
Canada,2015,total,I005,0,0,
Canada,2015,total,I006,0,10.69,
Canada,2015,total,I007,0,0,
Canada,2015,total,I008,0,0,
Canada,2015,total,I009,0,0,
Canada,2015,total,I010,0,0,
Canada,2015,total,I011,0,0,
Canada,2015,total,I012,0,1.07,
Canada,2015,total,I013,0,0,
Canada,2015,total,I014,0,0,
Canada,2015,total,I015,0,0,
Canada,2015,total,I016,0,0,
Canada,2015,total,I017,0,0,
Canada,2015,total,I018,0,0,
Canada,2015,total,I019,0,0,
Canada,2015,total,I020,0,0,
Canada,2015,total,I021,0,0,
Canada,2015,total,I022,0,2.14,
Canada,2015,total,I023,0,11.76,
Canada,2015,total,I024,0,5.35,
Canada,2015,total,I025,0,0,
Canada,2015,total,I026,0,26.73,
Canada,2015,total,I027,0,0,
Canada,2015,total,I028,0,0,
Canada,2015,total,I029,0,0,
Canada,2015,total,I030,0,32.08,
Canada,2015,total,I031,0,0,
Canada,2015,total,I032,0,0,
Canada,2015,total,I033,0,0,
Canada,2015,total,I034,0,16.03,
Canada,2015,total,I035,0,1.07,
Canada,2015,total,I036,0,0,
Canada,2015,total,I037,0,0,
Canada,2015,total,I038,0,0,
Canada,2015,total,I039,0,8.55,
Canada,2015,total,I040,0,2.14,
Canada,2015,total,I041,0,0,
Canada,2015,total,I042,0,5.35,
Canada,2015,total,I043,0,0,
Canada,2015,total,I044,0,1.07,
Canada,2015,total,I045,0,2.14,
Canada,2015,total,I046,0,0,
Canada,2015,total,I047,0,0,
Canada,2015,total,I048,0,2.14,
Canada,2015,total,I049,0,0,
Canada,2015,total,I050,0,1157.6500000000000,
Canada,2015,total,I051,0,396.55,
Canada,2015,total,I052,0,6.41,
Canada,2015,total,I053,0,31.01,
Canada,2015,total,I054,0,0,
Canada,2015,total,I055,0,6.41,
Canada,2015,total,I056,0,4.28,
Canada,2015,total,I057,0,0,
Canada,2015,total,I058,0,112,
Canada,2016,total,I000,0,1741,
Canada,2016,total,I001,0,3.2800000000000000,
Canada,2016,total,I002,0,0,
Canada,2016,total,I003,0,2.2,
Canada,2016,total,I004,0,0,
Canada,2016,total,I005,0,0,
Canada,2016,total,I006,0,4.38,
Canada,2016,total,I007,0,0,
Canada,2016,total,I008,0,0,
Canada,2016,total,I009,0,0,
Canada,2016,total,I010,0,0,
Canada,2016,total,I011,0,0,
Canada,2016,total,I012,0,1.09,
Canada,2016,total,I013,0,0,
Canada,2016,total,I014,0,0,
Canada,2016,total,I015,0,0,
Canada,2016,total,I016,0,0,
Canada,2016,total,I017,0,0,
Canada,2016,total,I018,0,0,
Canada,2016,total,I019,0,0,
Canada,2016,total,I020,0,0,
Canada,2016,total,I021,0,0,
Canada,2016,total,I022,0,0,
Canada,2016,total,I023,0,6.58,
Canada,2016,total,I024,0,3.29,
Canada,2016,total,I025,0,0,
Canada,2016,total,I026,0,25.17,
Canada,2016,total,I027,0,0,
Canada,2016,total,I028,0,0,
Canada,2016,total,I029,0,0,
Canada,2016,total,I030,0,40.53,
Canada,2016,total,I031,0,0,
Canada,2016,total,I032,0,0,
Canada,2016,total,I033,0,0,
Canada,2016,total,I034,0,13.18,
Canada,2016,total,I035,0,1.1,
Canada,2016,total,I036,0,0,
Canada,2016,total,I037,0,1.1,
Canada,2016,total,I038,0,0,
Canada,2016,total,I039,0,12.04,
Canada,2016,total,I040,0,3.2800000000000000,
Canada,2016,total,I041,0,0,
Canada,2016,total,I042,0,3.29,
Canada,2016,total,I043,0,0,
Canada,2016,total,I044,0,2.2,
Canada,2016,total,I045,0,4.39,
Canada,2016,total,I046,0,0,
Canada,2016,total,I047,0,0,
Canada,2016,total,I048,0,0,
Canada,2016,total,I049,0,0,
Canada,2016,total,I050,0,1139.8800000000000,
Canada,2016,total,I051,0,442.27,
Canada,2016,total,I052,0,2.19,
Canada,2016,total,I053,0,26.310000000000000,
Canada,2016,total,I054,0,0,
Canada,2016,total,I055,0,1.09,
Canada,2016,total,I056,0,2.19,
Canada,2016,total,I057,0,0,
Canada,2016,total,I058,0,151,
Canada,2017,total,I000,0,1725,
Canada,2017,total,I001,0,2.24,
Canada,2017,total,I002,0,1.09,
Canada,2017,total,I003,0,7.7,
Canada,2017,total,I004,0,0,
Canada,2017,total,I005,0,0,
Canada,2017,total,I006,0,11.03,
Canada,2017,total,I007,0,0,
Canada,2017,total,I008,0,0,
Canada,2017,total,I009,0,0,
Canada,2017,total,I010,0,0,
Canada,2017,total,I011,0,0,
Canada,2017,total,I012,0,0,
Canada,2017,total,I013,0,0,
Canada,2017,total,I014,0,0,
Canada,2017,total,I015,0,0,
Canada,2017,total,I016,0,0,
Canada,2017,total,I017,0,0,
Canada,2017,total,I018,0,0,
Canada,2017,total,I019,0,0,
Canada,2017,total,I020,0,0,
Canada,2017,total,I021,0,1.09,
Canada,2017,total,I022,0,2.21,
Canada,2017,total,I023,0,6.67,
Canada,2017,total,I024,0,6.64,
Canada,2017,total,I025,0,0,
Canada,2017,total,I026,0,17.73,
Canada,2017,total,I027,0,0,
Canada,2017,total,I028,0,0,
Canada,2017,total,I029,0,0,
Canada,2017,total,I030,0,37.39,
Canada,2017,total,I031,0,0,
Canada,2017,total,I032,0,0,
Canada,2017,total,I033,0,0,
Canada,2017,total,I034,0,12.12,
Canada,2017,total,I035,0,3.27,
Canada,2017,total,I036,0,0,
Canada,2017,total,I037,0,0,
Canada,2017,total,I038,0,0,
Canada,2017,total,I039,0,9.94,
Canada,2017,total,I040,0,0,
Canada,2017,total,I041,0,0,
Canada,2017,total,I042,0,2.21,
Canada,2017,total,I043,0,0,
Canada,2017,total,I044,0,2.18,
Canada,2017,total,I045,0,6.64,
Canada,2017,total,I046,0,0,
Canada,2017,total,I047,0,1.09,
Canada,2017,total,I048,0,2.18,
Canada,2017,total,I049,0,0,
Canada,2017,total,I050,0,1139.3800000000000,
Canada,2017,total,I051,0,414.74,
Canada,2017,total,I052,0,1.09,
Canada,2017,total,I053,0,30.85,
Canada,2017,total,I054,0,0,
Canada,2017,total,I055,0,1.09,
Canada,2017,total,I056,0,4.42,
Canada,2017,total,I057,0,0,
Canada,2017,total,I058,0,139.14,
Canada,2018,total,I000,0,1792,
Canada,2018,total,I001,0,2.22,
Canada,2018,total,I002,0,0,
Canada,2018,total,I003,0,7.7700000000000000,
Canada,2018,total,I004,0,0,
Canada,2018,total,I005,0,0,
Canada,2018,total,I006,0,8.88,
Canada,2018,total,I007,0,0,
Canada,2018,total,I008,0,0,
Canada,2018,total,I009,0,0,
Canada,2018,total,I010,0,0,
Canada,2018,total,I011,0,0,
Canada,2018,total,I012,0,0,
Canada,2018,total,I013,0,0,
Canada,2018,total,I014,0,0,
Canada,2018,total,I015,0,0,
Canada,2018,total,I016,0,0,
Canada,2018,total,I017,0,0,
Canada,2018,total,I018,0,0,
Canada,2018,total,I019,0,0,
Canada,2018,total,I020,0,0,
Canada,2018,total,I021,0,0,
Canada,2018,total,I022,0,1.11,
Canada,2018,total,I023,0,6.660000000000000,
Canada,2018,total,I024,0,9.99,
Canada,2018,total,I025,0,0,
Canada,2018,total,I026,0,13.32,
Canada,2018,total,I027,0,0,
Canada,2018,total,I028,0,0,
Canada,2018,total,I029,0,0,
Canada,2018,total,I030,0,28.87,
Canada,2018,total,I031,0,0,
Canada,2018,total,I032,0,0,
Canada,2018,total,I033,0,0,
Canada,2018,total,I034,0,21.1,
Canada,2018,total,I035,0,2.22,
Canada,2018,total,I036,0,0,
Canada,2018,total,I037,0,2.22,
Canada,2018,total,I038,0,0,
Canada,2018,total,I039,0,15.55,
Canada,2018,total,I040,0,1.11,
Canada,2018,total,I041,0,0,
Canada,2018,total,I042,0,4.44,
Canada,2018,total,I043,0,0,
Canada,2018,total,I044,0,1.11,
Canada,2018,total,I045,0,4.44,
Canada,2018,total,I046,0,0,
Canada,2018,total,I047,0,0,
Canada,2018,total,I048,0,1.11,
Canada,2018,total,I049,0,0,
Canada,2018,total,I050,0,1154.6700000000000,
Canada,2018,total,I051,0,464.12,
Canada,2018,total,I052,0,1.11,
Canada,2018,total,I053,0,32.2,
Canada,2018,total,I054,0,0,
Canada,2018,total,I055,0,4.44,
Canada,2018,total,I056,0,3.3300000000000000,
Canada,2018,total,I057,0,0,
Canada,2018,total,I058,0,178,
Canada,2019,total,I000,0,1657,
Canada,2019,total,I001,0,1.08,
Canada,2019,total,I002,0,0,
Canada,2019,total,I003,0,7.6500000000000000,
Canada,2019,total,I004,0,0,
Canada,2019,total,I005,0,0,
Canada,2019,total,I006,0,12.03,
Canada,2019,total,I007,0,0,
Canada,2019,total,I008,0,0,
Canada,2019,total,I009,0,0,
Canada,2019,total,I010,0,0,
Canada,2019,total,I011,0,0,
Canada,2019,total,I012,0,0,
Canada,2019,total,I013,0,0,
Canada,2019,total,I014,0,0,
Canada,2019,total,I015,0,0,
Canada,2019,total,I016,0,0,
Canada,2019,total,I017,0,0,
Canada,2019,total,I018,0,0,
Canada,2019,total,I019,0,0,
Canada,2019,total,I020,0,0,
Canada,2019,total,I021,0,0,
Canada,2019,total,I022,0,1.11,
Canada,2019,total,I023,0,9.82,
Canada,2019,total,I024,0,5.46,
Canada,2019,total,I025,0,0,
Canada,2019,total,I026,0,27.38,
Canada,2019,total,I027,0,0,
Canada,2019,total,I028,0,0,
Canada,2019,total,I029,0,0,
Canada,2019,total,I030,0,25.14,
Canada,2019,total,I031,0,0,
Canada,2019,total,I032,0,0,
Canada,2019,total,I033,0,0,
Canada,2019,total,I034,0,8.76,
Canada,2019,total,I035,0,2.17,
Canada,2019,total,I036,0,2.19,
Canada,2019,total,I037,0,1.11,
Canada,2019,total,I038,0,0,
Canada,2019,total,I039,0,12.07,
Canada,2019,total,I040,0,1.11,
Canada,2019,total,I041,0,0,
Canada,2019,total,I042,0,2.19,
Canada,2019,total,I043,0,0,
Canada,2019,total,I044,0,2.17,
Canada,2019,total,I045,0,1.11,
Canada,2019,total,I046,0,1.08,
Canada,2019,total,I047,0,1.08,
Canada,2019,total,I048,0,2.21,
Canada,2019,total,I049,0,0,
Canada,2019,total,I050,0,1108.1400000000000,
Canada,2019,total,I051,0,364.05,
Canada,2019,total,I052,0,2.21,
Canada,2019,total,I053,0,43.7,
Canada,2019,total,I054,0,0,
Canada,2019,total,I055,0,7.63,
Canada,2019,total,I056,0,4.360000000000000,
Canada,2019,total,I057,0,0,
Canada,2019,total,I058,0,141,
Canada,2020,total,I000,0,1651,
Canada,2020,total,I001,0,2.22,
Canada,2020,total,I002,0,0,
Canada,2020,total,I003,0,0,
Canada,2020,total,I004,0,0,
Canada,2020,total,I005,0,0,
Canada,2020,total,I006,0,4.49,
Canada,2020,total,I007,0,0,
Canada,2020,total,I008,0,0,
Canada,2020,total,I009,0,0,
Canada,2020,total,I010,0,0,
Canada,2020,total,I011,0,0,
Canada,2020,total,I012,0,0,
Canada,2020,total,I013,0,0,
Canada,2020,total,I014,0,0,
Canada,2020,total,I015,0,0,
Canada,2020,total,I016,0,0,
Canada,2020,total,I017,0,0,
Canada,2020,total,I018,0,0,
Canada,2020,total,I019,0,0,
Canada,2020,total,I020,0,0,
Canada,2020,total,I021,0,0,
Canada,2020,total,I022,0,2.25,
Canada,2020,total,I023,0,12.31,
Canada,2020,total,I024,0,5.58,
Canada,2020,total,I025,0,0,
Canada,2020,total,I026,0,18.960000000000000,
Canada,2020,total,I027,0,0,
Canada,2020,total,I028,0,0,
Canada,2020,total,I029,0,0,
Canada,2020,total,I030,0,37.98,
Canada,2020,total,I031,0,0,
Canada,2020,total,I032,0,0,
Canada,2020,total,I033,0,0,
Canada,2020,total,I034,0,21.21,
Canada,2020,total,I035,0,2.23,
Canada,2020,total,I036,0,0,
Canada,2020,total,I037,0,2.22,
Canada,2020,total,I038,0,0,
Canada,2020,total,I039,0,1.12,
Canada,2020,total,I040,0,1.12,
Canada,2020,total,I041,0,1.11,
Canada,2020,total,I042,0,1.12,
Canada,2020,total,I043,0,0,
Canada,2020,total,I044,0,0,
Canada,2020,total,I045,0,4.48,
Canada,2020,total,I046,0,0,
Canada,2020,total,I047,0,0,
Canada,2020,total,I048,0,2.25,
Canada,2020,total,I049,0,0,
Canada,2020,total,I050,0,1052.11,
Canada,2020,total,I051,0,441.34000000000000,
Canada,2020,total,I052,0,2.25,
Canada,2020,total,I053,0,25.69,
Canada,2020,total,I054,0,0,
Canada,2020,total,I055,0,6.72,
Canada,2020,total,I056,0,2.23,
Canada,2020,total,I057,0,0,
Canada,2020,total,I058,0,174,
Canada,2021,total,I000,0,1588,
Canada,2021,total,I001,0,3.44,
Canada,2021,total,I002,0,1.1400000000000000,
Canada,2021,total,I003,0,3.4100000000000000,
Canada,2021,total,I004,0,0,
Canada,2021,total,I005,0,0,
Canada,2021,total,I006,0,3.4100000000000000,
Canada,2021,total,I007,0,0,
Canada,2021,total,I008,0,0,
Canada,2021,total,I009,0,0,
Canada,2021,total,I010,0,0,
Canada,2021,total,I011,0,0,
Canada,2021,total,I012,0,1.1500000000000000,
Canada,2021,total,I013,0,0,
Canada,2021,total,I014,0,0,
Canada,2021,total,I015,0,0,
Canada,2021,total,I016,0,0,
Canada,2021,total,I017,0,0,
Canada,2021,total,I018,0,0,
Canada,2021,total,I019,0,0,
Canada,2021,total,I020,0,0,
Canada,2021,total,I021,0,0,
Canada,2021,total,I022,0,0,
Canada,2021,total,I023,0,8.01,
Canada,2021,total,I024,0,5.73,
Canada,2021,total,I025,0,0,
Canada,2021,total,I026,0,18.3,
Canada,2021,total,I027,0,0,
Canada,2021,total,I028,0,0,
Canada,2021,total,I029,0,0,
Canada,2021,total,I030,0,30.920000000000000,
Canada,2021,total,I031,0,0,
Canada,2021,total,I032,0,0,
Canada,2021,total,I033,0,0,
Canada,2021,total,I034,0,8.04,
Canada,2021,total,I035,0,2.2800000000000000,
Canada,2021,total,I036,0,0,
Canada,2021,total,I037,0,0,
Canada,2021,total,I038,0,2.29,
Canada,2021,total,I039,0,1.1400000000000000,
Canada,2021,total,I040,0,0,
Canada,2021,total,I041,0,0,
Canada,2021,total,I042,0,2.3,
Canada,2021,total,I043,0,0,
Canada,2021,total,I044,0,0,
Canada,2021,total,I045,0,5.7,
Canada,2021,total,I046,0,0,
Canada,2021,total,I047,0,0,
Canada,2021,total,I048,0,1.1400000000000000,
Canada,2021,total,I049,0,0,
Canada,2021,total,I050,0,1115.61,
Canada,2021,total,I051,0,356.86,
Canada,2021,total,I052,0,0,
Canada,2021,total,I053,0,11.43,
Canada,2021,total,I054,0,0,
Canada,2021,total,I055,0,2.2800000000000000,
Canada,2021,total,I056,0,3.4300000000000000,
Canada,2021,total,I057,0,0,
Canada,2021,total,I058,0,199,
Canada,2022,total,I000,0,1651,
Canada,2022,total,I001,0,1.1600000000000000,
Canada,2022,total,I002,0,0,
Canada,2022,total,I003,0,7.02,
Canada,2022,total,I004,0,0,
Canada,2022,total,I005,0,0,
Canada,2022,total,I006,0,5.860000000000000,
Canada,2022,total,I007,0,0,
Canada,2022,total,I008,0,0,
Canada,2022,total,I009,0,0,
Canada,2022,total,I010,0,0,
Canada,2022,total,I011,0,0,
Canada,2022,total,I012,0,1.1600000000000000,
Canada,2022,total,I013,0,1.1600000000000000,
Canada,2022,total,I014,0,0,
Canada,2022,total,I015,0,0,
Canada,2022,total,I016,0,0,
Canada,2022,total,I017,0,0,
Canada,2022,total,I018,0,0,
Canada,2022,total,I019,0,0,
Canada,2022,total,I020,0,0,
Canada,2022,total,I021,0,2.3300000000000000,
Canada,2022,total,I022,0,1.1800000000000000,
Canada,2022,total,I023,0,9.43,
Canada,2022,total,I024,0,3.51,
Canada,2022,total,I025,0,0,
Canada,2022,total,I026,0,18.8,
Canada,2022,total,I027,0,0,
Canada,2022,total,I028,0,0,
Canada,2022,total,I029,0,0,
Canada,2022,total,I030,0,28.21,
Canada,2022,total,I031,0,0,
Canada,2022,total,I032,0,0,
Canada,2022,total,I033,0,0,
Canada,2022,total,I034,0,9.39,
Canada,2022,total,I035,0,0,
Canada,2022,total,I036,0,1.1800000000000000,
Canada,2022,total,I037,0,1.1600000000000000,
Canada,2022,total,I038,0,5.860000000000000,
Canada,2022,total,I039,0,7.04,
Canada,2022,total,I040,0,3.51,
Canada,2022,total,I041,0,0,
Canada,2022,total,I042,0,2.3300000000000000,
Canada,2022,total,I043,0,0,
Canada,2022,total,I044,0,0,
Canada,2022,total,I045,0,3.51,
Canada,2022,total,I046,0,0,
Canada,2022,total,I047,0,0,
Canada,2022,total,I048,0,1.1600000000000000,
Canada,2022,total,I049,0,0,
Canada,2022,total,I050,0,1133.21,
Canada,2022,total,I051,0,379.37,
Canada,2022,total,I052,0,2.3700000000000000,
Canada,2022,total,I053,0,16.43,
Canada,2022,total,I054,0,0,
Canada,2022,total,I055,0,2.3500000000000000,
Canada,2022,total,I056,0,2.3300000000000000,
Canada,2022,total,I057,0,0,
Canada,2022,total,I058,0,245,